ds,0,1,2,3,4,5,6,7,8
2020-01-01,11.566495447233065,-4.27567154483445,0.9049208326118021,-8.26622695368608,-2.8219286078885295,-4.551365044182759,0.7914464239683734,-1.388863028434376,-2.824925178636284
2020-01-02,11.23594013877604,-3.9719684709635867,5.487398102603169,-9.214814338906832,-0.24611213231990692,-3.7924689425336755,3.4495384866133967,2.3323941068486596,-2.7293742553153084
2020-01-03,18.84189478392271,-3.446779684368622,2.6978264233031384,-0.47406664244304775,0.5971976280509073,0.8390893874848349,-0.979629148558117,6.591942681946275,-1.3330501288734307
2020-01-04,15.40488668259539,-5.6287415124898335,1.6047873458614637,-2.165188704203163,0.978345895214892,-2.951030716118397,1.1987287597431022,1.7363662223910226,-2.6916339519992176
2020-01-05,15.902862129163887,-3.9848772961750165,0.35286143517181046,-2.267814012311167,-1.1087250373097923,-4.270793757952425,0.4314972253183901,-1.6466475339593138,-2.419573602275072
2020-01-06,16.170560360537173,-5.120265265730701,2.0152324047019725,0.6036359566031138,0.8327425276839884,-1.7868507722102427,2.5936036994637197,6.444673307362356,0.030760955589853367
2020-01-07,19.894423452715866,-1.6461955171854967,4.457034124891933,5.881547839573171,-2.0195068305076402,-3.4334223378033992,3.846667768323202,1.9773327984794482,-0.32604092311966326
2020-01-08,10.28783710425852,-6.113880985408974,9.553353901965444,-4.1913608565956055,-5.169950105083175,-3.2006120576456873,1.1186951833589507,-2.9394798849763246,-1.1841817251255398
2020-01-09,10.63226592188147,-6.75066657406593,10.008023954010323,-6.50286397828692,-1.9498428538373327,-0.6571460924623143,-3.0166493559474357,1.3409913879875224,1.2693145134923718
2020-01-10,14.711356863430213,-5.509140897819222,5.9238713446216025,-3.4374594910207006,-2.8816749587994357,0.9871691064603114,-2.2219417231467737,1.4111284632972703,-1.3047263012442842
2020-01-11,13.81400546870072,-4.27822057460251,4.405406902405275,-3.8798442982147243,-3.0046006232525215,-1.8577284535263372,-1.3529492565500283,2.5410512657732642,-0.09824096901766866
2020-01-12,16.39658496213319,-3.7745444199705873,1.129857715530518,3.457148222942309,-2.688560655649579,-4.953640630389446,-0.31872818863818675,-0.33379303039306385,-2.1266213070436257
2020-01-13,11.089047838645229,-8.736184693256824,9.280581839157144,1.669288171874309,-1.3741055169882568,-3.4447279181529127,-2.7165450917382556,0.35050138327914077,0.4862375829354467
2020-01-14,8.653914857570399,-7.057507228408571,9.932851031355645,-4.885870923850371,-3.622689544441837,-4.695513680527493,-2.766770151369615,-3.0165548065617673,0.01111483746390829
2020-01-15,10.747076945229676,-8.528838494875199,9.056728101540607,1.164514556460335,-1.5828656454346042,-1.3586936100464024,-3.0367452670427895,4.560904587120079,-0.2368346711124334
2020-01-16,13.605462571097364,-10.299525905818543,10.921108645962361,10.942315731456658,0.7745546071379226,-0.5644856929621724,-0.7094660775583395,2.156633741646975,0.27615660852410295
2020-01-17,9.42061274466558,-11.134559400400802,12.354736076915362,4.60293219357273,1.5334159417326991,-2.106166522047225,1.3567430416780404,-1.2560016449596723,0.9742905744414996
2020-01-18,13.445888618636992,-6.340459119358416,5.316409348946304,3.827448163326267,-1.946877361372327,-1.3974696786807814,2.6516883259517985,-1.305562761803501,-0.7463132082903872
2020-01-19,9.250663406331617,-5.397964893920418,2.5952573198466418,-7.737634409907303,-1.0923388330743036,-1.9691603738614512,3.6109134899798354,0.42091588973038374,-1.2568751671678984
2020-01-20,10.590914681525309,-6.929029053910792,9.382616251659552,-0.08957375928972588,-1.1192093264375922,0.5809959693086322,-2.3017677332393265,-1.1606316935250263,-0.25283582257490966
2020-01-21,8.227627369275396,-3.8047863010550307,8.930065101115915,-7.294370197373718,-1.6103366658907783,-1.2961930774243502,0.3367607629990063,0.25570091560496766,1.476928313143032
2020-01-22,12.868065752804227,-1.5115816970021343,4.3645503560852985,-0.8099596921969279,-0.5352410931078746,-1.6304295106666498,1.7694524642701912,2.6202533732363955,1.323627601597042
2020-01-23,11.717759326206867,-2.8936228661714076,5.372762899799234,3.0605505646155304,-3.7515623633450277,-1.312227176188339,-1.4461321836813035,-1.0108785078205142,-0.016328315282448935
2020-01-24,9.417656588863876,-3.063146271070777,2.9137617549023815,-2.7247281795771983,-3.5908232142028678,-0.8615813953903577,3.035820521802597,-0.3994511473947149,1.3417675065534562
2020-01-25,9.471177738193187,-0.950435356902066,3.191186582919026,-6.942637420583272,-1.6477213349838726,-1.3640338922675088,-0.07461367273645653,-0.2587438976069074,-1.3445342534315534
2020-01-26,9.896352470927788,-2.4191884345431123,0.8101216492194248,-2.168488902520988,1.7113596782507416,-2.1856346438119356,-0.18771088709548633,3.467311044837909,-0.5359632920249865
2020-01-27,6.869469318021093,-3.7576507756133037,5.790951912716736,-5.179697692488365,-0.8582205186310666,-1.3924904178565938,-1.4110338508383249,-1.1211669433484166,1.8768581235940855
2020-01-28,6.336693376626992,-3.821079985336665,7.097874083426866,-4.893714518384275,0.4094558887926514,-1.496560386738928,-1.0522480472024578,-0.9393100810363375,0.6691315701014556
2020-01-29,6.596238365492955,-2.9036483430085656,2.824146335551746,-7.718644479160369,-1.294284494817476,0.02737354659086133,2.5215390815810172,0.9732397644329986,-0.1349250668938059
2020-01-30,3.981417445930365,-5.287445538133184,6.114532764736704,-5.547501727979624,0.19895376763678782,-1.6392847712851912,0.13477996101493497,-1.510671425026634,1.9531653564549478
2020-01-31,8.226383993410344,-1.6697744763802402,2.177613456803628,-5.080167410708022,0.5659518126558433,-0.1335389025846916,-0.7599920938661766,0.820080080895289,0.2910636214299604
2020-02-01,7.242226154706115,-0.2639061698483333,-0.11378893541815627,-7.216945657995133,-0.36192476624518954,-1.8278540884747274,-0.3584360228736246,-1.0624144407805454,-0.5618682701600498
2020-02-02,6.05030986114518,-0.5740781098102526,-2.3349673176054626,-7.849538702634869,1.2756349232984143,-2.7747967699762297,-0.5397754061837271,0.24583362158471225,-0.06734926216100245
2020-02-03,6.822681410947412,-0.44193147462767396,-0.3569185015183206,-2.504174994086734,0.6865576744608787,-2.278702153370684,-1.6980504900455893,1.7590935439947877,1.8947396388785254
2020-02-04,8.370360429579932,-3.0117383541109732,1.4839858027159525,3.005037767889326,2.184810193465623,1.5511997935434612,-3.9525923179879014,-1.812335882899971,-0.1914755855808561
2020-02-05,11.042431116797694,-0.5811417397997422,-0.907842532916576,7.481703570492082,2.3081205350533582,1.377268846869557,1.8400559139581434,2.3418400828396573,0.8860570842050866
2020-02-06,8.149896893918417,2.3689046921327463,1.0413087811532107,2.961358184614879,-0.3433102875423375,-2.6027407068564035,3.732460822110011,-2.5557542137038687,1.529673384292732
2020-02-07,5.613066630515265,2.95425013896085,2.1266708481506655,-5.1073494463867215,-0.6928847549976869,-0.14705194603572602,1.912425696246914,-1.2548863674072794,1.375878861721838
2020-02-08,4.504573740801688,1.4294580695919787,1.2862226818425597,-7.805936126374895,0.864764721300903,2.1536447584069762,0.09576111398255999,-0.7175974203193712,-0.7461371803890623
2020-02-09,5.101383838530829,2.1985290674462257,-0.8770097692044394,-6.404250550164083,1.8346361991401379,0.7283412960421747,-0.884005132703549,0.042343406910791304,-0.0071332780197215905
2020-02-10,12.572868443706843,3.9681051198834645,0.2715269134515439,6.229847000363667,3.971170594193593,2.9132401143773325,-1.7287445630006286,4.421528220915246,0.9012912195318405
2020-02-11,7.395336129085004,3.575878220612757,0.10002557516858701,-0.18443940484619104,0.8908066141062151,-0.8286577404734354,0.5876901138552457,-2.364631608227027,2.226589558767159
2020-02-12,8.091061703799689,3.493440181265551,-1.2005667078310662,0.8783198189694224,2.413994090523753,0.642422626880303,-1.1113394144659534,0.23646106317672633,1.518618223601447
2020-02-13,9.162783599295969,2.9252997229376176,-1.2041177898304567,5.546008134055524,1.9865181625301607,1.8382535208400244,-2.33767371286205,0.3763669432736937,0.9099715370695198
2020-02-14,8.011469167721822,4.221784653428672,-2.4754118221499835,0.9042869846694015,2.5247251844741845,0.4914949999965388,-1.0110452934767475,-0.40110130825252965,0.5296059386922715
2020-02-15,7.078244452720325,4.641499974685148,-1.6698381485899507,2.336723335856733,1.2377506006915124,-0.19817450527466884,-0.42437136099823947,-1.2462886567503895,0.21663316161350882
2020-02-16,2.7922203855020946,0.26226658436321726,-2.1989555800248284,-3.565417815572304,3.4990709651233822,2.0978045180756513,1.7765280896815692,-1.5681969654940073,-1.6471241123351126
2020-02-17,3.6282997131160997,0.6700635310857168,-0.7463829081582272,-5.81303151875949,5.269134766667819,3.9916030051284417,1.008561373090189,0.21623203297996194,-1.2955580361193797
2020-02-18,6.094834550030363,3.4373749569705705,-1.7062729200618914,-1.0243751291253707,2.7257448053025253,2.237650103613616,-1.6512480563052638,0.38819998011167317,0.838842062286808
2020-02-19,4.255560759247797,4.230467337904051,-1.1969463896236516,-3.2583505427891617,1.3244002655085136,0.3646852193665697,0.05603973141440188,-2.228093564665392,0.6139969221602994
2020-02-20,4.754643584945449,2.832783550902177,-0.2540660361291698,-0.8875710645849305,3.673610226759876,1.9178895179267783,-2.378865478450148,4.4848165758170975,2.603595859905954
2020-02-21,2.7046497262688884,2.2083598212777797,2.385750918238198,1.604941409838899,0.9184613888456195,-0.873627944820601,5.8994563758034,-4.110811478143344,1.963363484355849
2020-02-22,0.8744110980220557,2.787399541486466,0.3331986110706444,-5.070488424089782,-0.022429272484851326,0.4329003498539624,-0.4030254876369612,-0.9361698260755328,0.5851128309539918
2020-02-23,0.9522688058569133,2.2802087305686864,0.1519534704282035,-5.147437272680818,2.8096422811511297,0.5695778772385389,1.8068097871069113,0.4688097274897342,1.6083793000030568
2020-02-24,5.012320538364348,2.8686733270372295,-1.3569599751031662,-3.519164972577796,3.6117387930455314,2.586712007953113,-1.3252504589383354,-2.7407395006135937,-1.3246795198353811
2020-02-25,0.9549936028078515,2.64458288007737,-0.12561506786838184,-5.700550142461535,2.0975268063496433,0.5486457268526227,0.8604965821983432,-1.545920605837467,0.9988951786410893
2020-02-26,0.3923142215953401,1.138722444531078,1.4612997593607617,-3.2592705018995045,2.1694532961130886,1.8987728410732965,-0.6456699016478914,-0.46392785421884175,1.8285480406168566
2020-02-27,-0.12198746978785169,2.0595888219046254,0.2941177432900992,-6.066750642700963,0.8898157548494404,1.8776784448756088,2.1421586983030068,-0.7861321478706192,1.8431128428963772
2020-02-28,2.1742234212555696,2.8227430322593965,-1.9571746253886757,-0.6725707415258981,3.4060800823462136,0.7559701708393747,-1.5761428492766618,2.6690093153992622,2.793099215099099
2020-02-29,5.901245945878787,3.256426420855155,-2.080733917101337,5.983407571097712,3.2016932928142703,1.9814884105566168,1.9355884630957214,-1.160392923808764,0.9164039193345042
2020-03-01,2.6875044090710767,4.760827881526078,-3.4068618454101136,-2.4900516974678046,1.9385027105754018,-1.5373955109333899,-0.5772108865678107,-2.800023424446218,0.7457930019343904
2020-03-02,-0.8355867763072019,0.4087861540995785,-2.3824224764125894,-3.9966665494953473,3.094422612437974,0.1703595864159071,-2.6246650318374996,-1.4996572212313475,1.7156966652829786
2020-03-03,2.3746305443074176,1.708182255319481,-1.4233563132749905,0.8565080140479568,4.7470692737916576,-0.2852407237166671,-1.512480058485123,2.775426615703342,4.202702577039111
2020-03-04,3.9005393901537153,1.088883050563577,-0.7740681229827826,6.95756026278872,6.591514693377706,-0.9227322602707064,6.217391653875429,0.5712670714540633,0.4450852802063615
2020-03-05,1.809902407385279,4.594344274683901,-2.3779639621646638,-2.9542670170583216,0.36539410851199505,-2.035876933584114,0.3615287755673482,-3.379613464345918,1.784918505643604
2020-03-06,3.216817184762111,3.7780764468249015,-3.100595041709367,-1.2961226421097338,2.162041857679468,0.8785012938734468,-1.866345295958149,1.2787069912718423,1.8591854497782607
2020-03-07,4.88829063464598,4.006483937567249,-5.02443251880465,5.203240551731979,1.8158825467363617,-0.5574295364017883,-0.558866973946538,-0.8647629303809472,1.4170313348530903
2020-03-08,0.1775195042717368,2.6779240218474136,-3.3107500186677297,-3.5184674456019316,2.8512462874900284,-0.7918157445759908,1.8191395632678775,-2.710792095729533,0.3710326522917697
2020-03-09,1.6949461814121525,2.0729300729102986,-3.729425426532928,-3.8619531115157093,4.8100744085512925,1.5294320457683654,-0.6475992001883445,1.367002807420431,0.43245984950543526
2020-03-10,2.844283079647653,3.154304510147146,-1.6460301654319236,1.7331685405658266,4.27331285407984,0.7855263151281497,3.9892226201944077,-0.10170058690301476,0.08638217979942397
2020-03-11,0.922797384410131,3.575225045602239,-2.624600680070487,-4.985284010027498,2.818283479098921,1.1708023635300564,-1.2794535569203098,-1.6225485288147699,0.8988974235826318
2020-03-12,3.2395194298643113,1.4866265119791604,-3.119314315478087,2.1905353606930875,4.5591421074291265,3.6789319485393173,-3.2122870247444184,-0.9085497993905849,1.1308401314441068
2020-03-13,2.745727806739314,1.1191261485911403,-3.268690939558008,0.09672214678496138,5.892992273553016,3.575350104226594,0.062654421261219,0.04397980240929633,0.18418389623417997
2020-03-14,6.4908484137254,2.144584758414768,-6.410965546848444,9.085480535135714,5.355036363355313,1.4061255027963868,-1.8661999148447606,-2.2295484857997376,-0.4222537099732585
2020-03-15,0.5807358105021064,1.162469881157222,-6.763594096851611,-1.0217456004871437,4.7360408950455035,-0.8712086211758661,-1.3986495656213056,-5.045032217392996,-2.007605472301277
2020-03-16,1.6591540464444954,2.008574214872292,-1.1603539623082617,1.5274624352014103,2.8707936701678527,3.510806589557422,1.3309966031610174,1.231865589652851,1.7186517389685858
2020-03-17,-0.6884590402092279,2.024335668092726,-3.1775087589428788,-0.5266735001003127,1.0009690495811765,0.7882665560695715,2.253212415114815,-3.4466392654462714,1.0910966378444582
2020-03-18,-0.6496339147140392,1.4113514650074852,-1.1552291015217369,-2.5773163804566646,4.9580422391029035,2.6052151985038634,-3.7395113807304483,-0.4331332683342273,1.5610989727705158
2020-03-19,-1.5810246509966688,2.890774091792047,-2.106064115730206,1.0370856198043918,1.2659365502002662,-0.7413188443500689,1.0049832708293776,-3.5618644709268192,2.808526889200947
2020-03-20,-3.3560507071127446,2.9780557035027346,-2.26696350888362,-4.132038820284457,1.3009162183979592,-0.056818575114183756,-1.7569610397213675,-2.000931656148985,3.132634483639758
2020-03-21,-1.0926298767339235,4.694587483598455,-4.733421704983015,-3.8746101926985173,3.6305456908994658,-0.952110634318101,-1.6464651093966074,-0.999153506091434,1.8801560545336367
2020-03-22,1.5968040439496323,5.142944046899134,-8.27420969419692,3.854463950727845,4.053248058748181,-2.1079624705367617,-1.6769122373084295,1.2432630349366365,2.207347978656223
2020-03-23,7.526413124221357,6.643800449488696,-5.848740007720936,9.043310496762842,4.956614047998988,0.6010799781067367,-1.3611109086102269,0.7421543960555389,1.5542491816563104
2020-03-24,5.863972087890095,7.083710262536487,-5.77661437223681,7.402483801853038,3.2314846567767184,-0.675312625131477,-0.133466867949666,-4.712686235379423,0.2511779778626618
2020-03-25,0.2540125493185584,3.9452931805951996,-3.9666260113317593,-0.8092522190173568,5.191051133540026,1.8003845751797205,-2.754275830348826,0.40972240020649475,-0.08831458095353673
2020-03-26,-2.1127920131739844,4.78658258347303,-0.3354200728308592,-2.899259431845976,5.623244894405114,-1.852384150476017,6.519065151048018,-0.7770974466648135,0.4572439020067547
2020-03-27,1.3056335142299131,4.53771053673858,-1.8180131310969978,-3.524461638422692,6.0151032716464226,1.8520838622565194,0.6263611648947195,1.0691449293900321,0.4942230960095101
2020-03-28,-1.6640981146404783,4.897355816741888,-2.311194064010242,-3.9666394096275654,4.343508256175622,-2.3657457980943364,2.248131604245891,-0.7385879086795171,0.5233117444530796
2020-03-29,-0.6408478955440924,3.6054875503686543,-4.550701940073771,-5.215630879865431,4.4782982181906625,-0.40394177409187115,-1.4816042635055897,-2.038663195686994,0.32801321643253145
2020-03-30,-2.3462744280364705,4.31742248008305,-3.0445362142866914,-6.0707806658302275,2.0910993047428685,-1.6220506697435704,0.07866862408416309,-0.6027782260807691,2.124084898229208
2020-03-31,-1.7576319827167928,4.561157572872854,-1.704194693145505,-4.025741097185792,1.5121288011813796,-1.4252685810000654,-1.0519847274295007,-0.30362817297879474,2.6070804907298335
2020-04-01,-0.47920930353120816,3.4713017310375447,-4.0272920807636865,-5.323234470641193,3.0966312310206185,-0.15300786439521366,-1.1440962743969758,-0.9671689973747719,0.8117146459340252
2020-04-02,-2.5514540852299485,2.6097591124281196,-2.8364036234263574,-5.090301825468517,1.2050839520841898,-0.5275180901235923,1.7955030894485056,-0.08109546321401559,2.687127178422265
2020-04-03,1.5304249471450655,4.660916462101096,-3.5771318018100744,-1.1999746232885848,1.9373654276274122,-1.1626035455489088,-0.27934980530747094,-0.9073074521366042,0.4645556103270524
2020-04-04,-3.0898291361889707,2.153999396904614,-1.8276567612464414,-3.3972466609423733,1.6978276301923256,-2.285506611492115,2.83252512702503,-1.2155651497269853,-0.08015524115001671
2020-04-05,-3.5606053817561296,1.626634978062193,-3.1040931659185036,-5.668064914377954,2.4075164641593187,-1.9566785518054997,2.648828640211451,0.05191219720301757,1.0149392851927592
2020-04-06,-4.687940274890246,2.010036414128928,2.5062438862957475,-5.013918190959518,3.4037823708685724,-1.7054912774422257,7.18226082184503,2.316207256242995,-0.9264187084922755
2020-04-07,-4.407386094118495,-1.948113230805974,2.9276059297390695,0.06320040746728894,3.642914741103273,0.1849059072655525,2.739388361692625,3.074348638499748,-1.0925274056047776
2020-04-08,-6.216161392854602,-4.262437921129342,6.95000191754911,4.2909648529943425,2.4520577508095704,-0.44955886266818323,4.546057601809549,1.9316740534679595,-0.18677578232474357
2020-04-09,-5.91708813308959,-6.625491262669389,4.19935771266403,3.6605104125626395,1.2340985744314745,1.7680711249592846,4.085074189535031,1.3964849878408034,1.9956325943544289
2020-04-10,-3.9639954796436303,-4.674225392748949,0.6663281056763712,3.303434856318116,2.381040362052425,-0.20962921562739079,1.5307972032379928,2.8964480752739163,1.619613489207348
2020-04-11,-2.371928927469414,-2.2029866327157546,-4.799786156589635,2.5636348212447126,-0.4495716279772751,-2.484077563253887,-0.10215145844182327,-1.449589027069278,-0.3437431350221785
2020-04-12,-5.459018251129797,-2.853115401823392,-4.016319986363555,-1.0966204281530416,-0.49591170248783584,-3.4083082023911864,-0.03183044235606891,-1.9845755062878334,1.451530648913433
2020-04-13,-3.559392808678773,-1.7869975486568748,-4.994764022470084,-3.557792632411241,1.1182227079672573,-1.9529431373917086,-0.6813110459512469,0.464973290420054,0.8856227292527648
2020-04-14,-2.646978449946829,-3.0160288749759845,-4.502244402718672,0.9615491706645007,-1.805248279194792,0.8411342042527947,-0.8191200202804414,0.8241979995479016,2.3026743601854345
2020-04-15,-5.852381313564939,-2.31549363274614,-4.095646651939648,-1.2447785337512844,-4.167077409592897,-1.429751816650568,0.965354685247779,-1.3680498675399713,0.7107986456817748
2020-04-16,-10.121634229704613,-6.933153340865903,-3.7110189648830145,-1.0083090247727613,-1.179465967091114,-0.9874420206167849,3.262065920346439,2.292545143615636,1.9325175852707965
2020-04-17,-8.190625755666222,-5.4826412425207405,-6.163403369757237,-2.6263442083851807,-1.5071720817968646,-1.031541230316222,-0.5745929355274151,0.04400350228072207,0.6127508330616601
2020-04-18,-7.038457517308919,-4.1058005349348035,-5.886922800058267,-3.0171712216582165,-1.8980847408423518,-0.850774375085408,1.7910224949572209,0.8833035280708379,1.593522530953663
2020-04-19,-6.178594901787609,-5.425571480478979,-7.0869706757686615,-0.0836225083697375,-1.7246051117816166,-0.08412313031231733,-0.20314559638076501,1.684377291649999,1.9960053950401289
2020-04-20,-5.144434068729778,-5.862799490358422,-7.704327082750004,4.611348970792766,-1.4553738001249072,-1.9503687470836515,0.16228032451874164,1.7148173249295382,3.5360046004710908
2020-04-21,-4.009637900936822,-4.018627102020834,-3.5246933450271123,8.87955167707867,-4.2758042905647295,-3.949669362176315,2.4003873648010945,-3.1905139924205774,1.060149491003941
2020-04-22,-8.94910368281604,-7.580611984818546,2.0390406404841337,1.2192597863377461,-3.216740608494454,0.4944329442713591,5.297905304996053,-0.2725657731021811,1.206127543501599
2020-04-23,-10.337717604271717,-8.947303933763312,5.814635347165252,2.1148952297533254,1.4985516433612571,-0.9578687336792349,2.692363153273888,1.894949615180756,0.41120773390793175
2020-04-24,-4.785931613680279,-6.436934014688011,-0.48292792788299765,7.08169254999087,1.2460808063016253,-0.8640999426981173,5.851679755003924,4.257159680926797,3.7971766401639844
2020-04-25,-1.8648407259098203,-1.7960207926973937,-4.76279916920099,4.943808268262272,1.831288393868033,-5.034437678670468,1.1966087188476568,3.6703749815995277,2.020025021453449
2020-04-26,-1.1745006118532602,-0.710286750267832,-5.469712660464883,5.318106047918184,-0.6123022429551872,-7.1206359348218236,3.032799464306645,-4.286712403916194,0.10725712086385947
2020-04-27,-5.813199368507843,-2.846719037240854,-1.6224498233397988,-2.241442427934344,-1.2790785872442487,-3.1322049584310436,-0.48753559973964467,1.2956972791843238,1.2548784869377225
2020-04-28,-4.549941361201885,-1.4189403677945873,-3.113109477148435,-4.873573333715453,-0.06013633614174868,-3.6813155104820137,0.7142671157775717,0.9223153776029112,1.2013763781617477
2020-04-29,-2.4527750556488517,-3.662535431827072,-2.507302163334212,-2.3701963657694454,4.221581371425174,-0.9691223547454476,-1.1364386950645537,1.1882628768758827,-1.481226031489497
2020-04-30,-4.7554365060586985,-4.102787128942487,-1.523777561292066,3.5404416035543576,-0.9026200086440423,-3.5167173552849076,-0.12980225808333085,-0.9539832650158618,0.6046817775237752
2020-05-01,-4.67190201988494,-4.252447844725282,-4.381114457391304,0.4648480351768841,2.7236878237234423,-4.846267256630779,-1.6212287191124726,-1.3486751764820357,0.08357139999678942
2020-05-02,-2.7871262107156625,-3.884313545174157,-2.7710284381611863,3.501468813678097,5.179718365304802,-4.071505775971605,-3.6040382339130894,2.104740443278694,-1.5883721987936625
2020-05-03,-3.250066183091353,-4.136652372222173,-3.4177494647434603,3.472597486945758,4.060518541496743,-4.0419450576282765,-0.2616389471946958,-1.316899160226264,-2.749509942974888
2020-05-04,-5.266335216944608,-4.579922447572076,1.053847771761681,1.2891926384183947,5.547848467877468,-4.5754113157129845,-0.1295294708264338,-0.5576222115456625,-1.6080226513342126
2020-05-05,-4.4797052074563775,-4.015275435672713,-0.504345843703284,1.4275015168551162,0.5694015127804402,-2.4856212721252637,-0.5450285872025661,-0.23961002256916059,-1.1227777468229003
2020-05-06,-5.087000178029912,-3.990644186430149,-0.3956857561658498,-0.08261336430377764,-0.18556012963261778,-3.67414980105608,-0.9495505730700274,-1.3446848390962451,-1.0619836590479945
2020-05-07,-5.960111962903954,-3.4916510800861666,-2.323933299269159,-3.6520202631648675,-1.1912236314156828,-3.030972455423895,0.5697565768010893,0.6782345313282437,-0.9592249818112603
2020-05-08,-6.384285096639035,-4.655373020375956,-1.6188599208622971,-2.848503939366344,-0.440231977454147,-1.1158912161425538,1.8307802557758448,1.8627801848847454,-1.7171068628101802
2020-05-09,-5.2494697404391175,-3.384372431376038,-4.203068833779231,-4.2163269418180676,0.38369398435028057,-3.0225227411396167,-1.8385234395679548,0.1808619243759303,-1.3338718166821
2020-05-10,-3.3307357828834254,-0.08598482973696875,-5.409807151660397,-4.795044949695718,0.33248813663474697,-4.429869943804681,-1.207761002325289,0.3543038402022385,-0.5126222579449754
2020-05-11,-4.62062675255496,-3.3542612085373342,-3.581143098180105,-2.8034660533665843,-0.986550534420146,-0.9950677451604675,-1.5140238127134835,1.211088771319755,0.9381117246898525
2020-05-12,-1.579082272440714,-2.7676817312707227,-4.4725568325930425,1.1410188209077223,-0.015090871222283697,1.0355171197344109,0.7320828517902453,2.8837441163109916,1.4959418459575347
2020-05-13,-1.879040988959804,0.2930861187300865,-5.374715213645699,2.2151271825926386,-2.991049728205343,-2.8044476275385977,1.5048152310764613,0.18935969603276356,1.6404052645007852
2020-05-14,-1.8907580735848284,0.561388931085379,-4.514987412968448,0.35689409572571773,-2.1937733437006655,-0.7842343127748237,0.5351387656074229,2.606247179994293,1.0046766299079617
2020-05-15,-1.487222857190925,1.4144476378438857,-3.2998012483845103,-0.5555560219750392,-2.391634649111118,-0.23678688671783887,0.3028287115602615,3.7136004328502836,2.1058792336313945
2020-05-16,-2.7352783197466817,1.4096721465696251,-4.630498230041125,-0.6057664613670887,-2.66355909715781,-1.661838770338735,0.38537502232101273,3.013320725327337,1.9372112222140823
2020-05-17,-3.430370216738501,0.7529735195784704,-4.658751015195022,-2.0897051496541783,-3.0380797013233156,-1.6997126377941707,1.2110761327259625,-0.02049048761639647,0.3951079324216079
2020-05-18,-2.7222190530083457,1.148331815739487,-2.6746626124247834,-3.547004043482795,-3.336740702937022,-0.6115732544506443,0.6389481473094676,0.42314217024028067,0.4890171505197451
2020-05-19,-2.758039898312797,0.3693356443384085,-2.323011153451511,-3.571565651289141,-2.4310978216694443,0.47547340087835566,1.2358884836217907,2.05690057823825,0.6256098392348397
2020-05-20,-1.000409244856,-1.0481730723429925,-1.7780939702615735,-1.9424026620245975,-0.44728778361335086,3.2524344127166893,-1.7384305479907343,1.87985898073626,-0.7780463449364303
2020-05-21,0.1163674912927466,-1.4667330456191081,-2.1468638858425355,3.7578349358070366,-0.08382954692728761,2.4246501589944995,-0.1284104953430999,-0.5578163907603031,-2.417787782540744
2020-05-22,-3.14628938641955,-1.474570039194954,-3.213056251816306,6.4623982788145575,-2.797432153665756,-1.2048470342379116,1.8521832951461916,0.45451761812135305,-1.1358236569232396
2020-05-23,-6.252970100508367,-1.598447700543612,-4.95451056625113,0.31788180945127514,-4.625681042687958,-2.4276068681740712,0.8389687556099723,-0.24100937426248434,0.08652790026885054
2020-05-24,-3.9575754697060876,-1.5040167729659,-6.381863954886529,5.854652163827042,-3.198919991911031,-1.4037916051908876,-0.6698360452410991,4.353075429315663,1.5433615705662058
2020-05-25,-5.719012114496209,-1.4130910282757636,-4.866207015063756,3.0612089020209505,-4.40627275926645,-2.0695990414555414,0.49451978978707956,1.3786408575209868,0.1399332796766908
2020-05-26,-6.353267773808359,-1.4397386571281208,-4.349963167998791,1.346797547458239,-4.5783568679329,-1.5937742138184912,0.8698236045059009,-0.45370960603068233,0.015194554114565384
2020-05-27,-8.157998777901161,-2.03308882801703,-2.563214076815965,1.0452832104022587,-3.2128545201975025,-1.3767172595829207,1.184606608922995,1.6008436505949477,-0.1832354165941112
2020-05-28,-8.552824767993568,-1.3096375596960048,-2.6692222178682794,-1.604283250265013,-2.574409112093229,-1.374018541697505,1.1812646417222845,1.6505786834409053,0.09818451908265602
2020-05-29,-6.320489745188363,-2.054475248919361,-4.7482992623044336,-1.1426241552961367,-1.8952148708472074,2.411965269021503,-0.42739920893900185,1.822685885262513,-0.6539697398330042
2020-05-30,-6.6301683483530836,-1.110112753610609,-4.847194419307834,0.5278993256233407,-3.1487947222355004,1.5056189954595842,-0.057467987258938535,2.5104869195421253,0.8866730664856521
2020-05-31,-8.863307247994362,-1.0260959228174735,-5.443931778542546,-0.713552737936261,-3.735190514350804,-0.4442540601426064,0.49789367916099786,1.3787613133048786,-0.9863689394379368
2020-06-01,-5.487623950392146,2.8225674155094254,-4.211478478138872,-3.5927389247822856,1.6563713755989171,-2.881578000458845,-1.2111148616159224,1.0696631333608448,-1.1966344944378435
2020-06-02,-7.902740536857623,0.7698050116628506,-1.4527690908729625,-0.7685849287889555,0.18257178885624858,-2.7412604792228823,-2.3750175755458187,1.775697435459299,0.522364539982759
2020-06-03,-8.663705555681307,-0.4312315757761974,-1.655719296439166,-0.01254367312053506,-1.3012134086479974,-2.2546767832731778,-0.634700338242201,0.4970922086999846,-0.24937386592236793
2020-06-04,-8.25355362029513,-0.1286159011366127,-0.3429623397814947,-1.3862964749309958,-0.722377053383171,-1.316326717362986,-1.3167992278032001,0.9854334587020614,-1.1106455661515768
2020-06-05,-8.444474824030857,-0.8378621648061408,-0.2790419929681984,-1.6848995234329602,0.3763595192647501,-1.9041514137800566,-1.9645841181967596,0.45193932526126945,-0.48120884867906244
2020-06-06,-6.747762350712767,1.7755587340972767,-1.813434018292262,-3.2541438745792566,2.682478374694801,-3.8502839429390128,-0.6987856253359932,1.034015110042358,-2.4204476509670454
2020-06-07,-3.9557139327629343,1.7842795428588145,-3.0960151470568835,-0.8979592719957123,6.145192164832441,-4.087716688864062,-2.2637477282575738,2.2258509289810338,-2.376059262357474
2020-06-08,-4.761255574412875,0.23404515902189127,-1.203189293299911,6.334625131265683,1.2225892230932947,-4.095851651838431,-3.495704631209154,-1.140418802807854,-1.3780284615898046
2020-06-09,-5.356094892597231,1.6068591220181152,-3.026734288109422,-1.0810494944863094,-1.0337829238710747,-2.69774334492605,-1.3873455011507236,-0.39446237884967705,-0.1162634878158203
2020-06-10,-4.938126031988266,1.7880241054217048,-0.10498036127374771,-3.8698926319596483,0.8834919047296099,-0.11501031268760609,-2.79003766730205,-0.02963158282247591,-1.3864489421671045
2020-06-11,-6.804255949392459,2.517401637318855,0.3120355695019651,-3.129832943132911,-0.817771246927276,-2.212124646261162,-2.07422418592674,2.0887018065078538,-0.0036236164219625167
2020-06-12,-6.365375267498376,2.373450614557968,0.11468125528800188,0.8041249389630997,-0.19028202541048822,-2.9053900484572908,-2.531445072768731,3.0027912316277194,-1.3455975678033152
2020-06-13,-1.382041726367171,2.210226678781123,-1.8895632166406033,3.6200486180000637,3.703738197185855,-0.5365805620636801,-1.818368208768221,1.0698620881539251,-2.5671317414930286
2020-06-14,-4.381212807728566,2.6353287751505228,-2.437144122637997,0.9244063614139217,1.974046354170505,-3.065034885032955,-1.5032061477058236,2.279803590017127,-1.9228351856414378
2020-06-15,-7.229028297055473,1.686678327240759,0.45263371529406426,2.237872632361046,-2.1330584022308514,-2.690410921999175,-1.5511808920660342,2.710486714578928,-0.4608997324959595
2020-06-16,-9.492261036815545,0.2834769063124727,3.344179584757539,-0.5735961035112829,-2.581939723518162,-1.4411595888271993,-1.8769464049905258,0.8660846609475077,-1.335300153424114
2020-06-17,-7.08127232495487,2.0319253937929744,2.1308834681091646,-1.5360378302004176,-2.3788183034387473,-0.8314310413305162,-4.480110483505585,0.5044468136082412,-0.8078455220737707
2020-06-18,-5.727727725387462,3.55752506098842,1.0876137235113754,-2.22567264986026,-1.8328896686348908,-0.4742355649538721,-2.2476920274494967,1.1466804678426619,-0.8147343097945472
2020-06-19,-3.8818185302726853,3.8136707481491006,-0.037805845160150287,-2.7044744370294755,0.5907757610372562,0.7521886617464015,-2.7155655153046294,1.3541336396668706,-0.5317613041596191
2020-06-20,-4.718092523315115,5.286427442555705,-0.2817845293448742,-1.5373284172700146,1.3412021303585435,-2.0959894097089307,0.41531145957599513,2.481145074380966,-1.7608713161540601
2020-06-21,-2.170456291883868,6.755174612352334,-2.588136418127437,3.571464659892429,1.012694975296148,-3.8269219627195286,-0.5932903111719845,1.6491858206225956,-1.8101348474368164
2020-06-22,-1.209239680532031,7.072392773898622,-1.9519266757347118,7.17974874732686,-2.3059079279291463,-2.8762531884524254,0.3417006348180876,0.34528896511569174,-0.7451296305995119
2020-06-23,-1.7385948058609815,6.9364158645573015,-0.7459393300633029,8.189960854606557,-0.904607514516667,-3.12068297833924,-0.9199284183265671,1.607713384321324,-1.9237871122566992
2020-06-24,-0.8063378109464788,7.43056553700322,-2.2090897495506168,7.266160097646482,-1.6879035603352155,-2.8903272013016528,-0.2649748413891544,0.2006122971691896,-0.980638960300535
2020-06-25,-3.1542275432905678,4.0546337770849155,0.6411091323958713,7.451776208000174,-0.942291894838011,-0.6271644494558282,0.09513653524377363,-0.2526073633631208,-2.3405225871679587
2020-06-26,-8.006672524855862,1.495115678616135,5.005876620303295,3.530779911368541,-0.15949946912334223,-0.2876030620281016,1.7643852222786955,-0.3873135711812761,-3.1599808737418673
2020-06-27,-7.735802495009219,3.3917659305096275,4.185791670083402,0.2240659049589011,2.158840930645517,-1.4925501840701985,2.9436923166835376,2.6976444885031117,-2.713690905320888
2020-06-28,-7.219052838151065,3.3380076827569156,1.7562790343247132,-0.5162164475696811,4.004008108607718,-2.113588671696722,4.5196441528648945,2.5663914786295576,-3.5733426744455343
2020-06-29,-3.6057110955448506,6.826139294244821,-1.658517801680206,-2.479340136165213,-0.9366400166410314,-1.7238502180780864,-0.877518017460232,0.8452569401112344,-0.654007825220853
2020-06-30,-1.9353910611114271,9.889456636739054,-0.43558561868880785,-4.740932175896232,-1.1039838966084794,-1.7897937110807098,-0.778592469286951,0.9002168041800037,-1.939762459025407
2020-07-01,-2.418489417941959,9.312956843612085,3.6890659397862424,-4.358202867882295,0.26679538932416014,0.21786176800878232,3.123966078718987,2.6876433847652508,-1.4930405785683638
2020-07-02,-3.260565945043073,8.107756884376109,7.067616772357388,-0.7246709467300532,-0.26126076989148395,0.9992759531960546,1.695503220398959,1.9865658255816554,-2.7352715144627027
2020-07-03,1.2284260438263108,12.737181604900751,2.3168138541656056,-3.0865216564726543,-1.1560462580820348,-0.12737959979446958,-0.37295172171885327,1.6323866009648607,-0.6066749788597953
2020-07-04,4.080039041246232,14.209018415888739,0.20534341448140836,1.0152353248291521,-0.6385333760409697,-1.0692395116815412,-0.36746903475455517,1.4599779757543896,-1.0116057798181508
2020-07-05,1.5321680630909478,11.147957556217367,-1.499668761887445,1.3037293732317656,0.5566824815228588,-2.0348470836272137,-0.9341758343690796,-1.0571625727801615,-2.8004748271687494
2020-07-06,-4.627830565583482,6.71480487484895,5.613650106129633,0.029137983541071,0.39991264487257006,-0.8631196175457497,-0.5020619197081734,0.1243910090056598,-2.2102735331848775
2020-07-07,-1.7411778697982698,8.29521411408517,2.04412022464531,1.5350818133531081,-1.3975188128753708,0.49773246723480447,-1.2204804860340053,3.5477718881893847,0.15516897607426247
2020-07-08,-4.503217003893551,5.511094178184903,5.096035299887879,6.350104429924091,-3.445190950482348,-0.7965831419182063,-2.5947009138304087,-0.1422896658417221,-0.8403356045821513
2020-07-09,-8.611486866293388,2.393101249359851,9.067916494594412,5.384832811992821,-3.7285429427440646,-0.751254043544743,-3.2548155357611464,-1.4414372498400052,-1.4570683582695203
2020-07-10,-8.437098790542493,1.6107368247694422,6.586023884653654,4.0118441318463445,-3.792193295524141,1.342950959701642,-1.38297026878707,1.5005909672581956,-1.3892930142681683
2020-07-11,-4.178371758071436,5.227918807592095,2.879045681872226,4.439052246005826,0.15912390274478883,-1.3286094803127322,0.8343267600083145,2.7093817713529385,-2.0364014605792495
2020-07-12,-2.6171876441241517,7.437905078524463,-0.15192848426222388,2.2223034543609517,0.5941272003047819,-3.993783244623614,2.3215287080803493,-0.7046320556353685,-3.1512387132474946
2020-07-13,-5.237378490677925,6.312191161552313,4.5131815471925005,-1.386092375127212,-2.0124563157582465,-1.8752421519853124,-3.4728724072980635,-0.9937767230212329,-3.7691832907369225
2020-07-14,-6.303366629895362,4.703496658035562,3.4966824334416255,-2.7821743712507323,-5.007282055002802,1.9363183424655346,-2.053509756632261,1.7982147344740294,-1.785030953599187
2020-07-15,-5.466406683629333,4.381475766761225,2.9981767468409037,-1.4114395583246904,-4.3517214550919565,1.9310498513593741,-4.579177602038024,2.165979494267991,0.8256549619647313
2020-07-16,-2.594503508734622,6.711781446341165,2.318171248649636,2.1823744378220495,-4.765702975428842,0.3931311607623249,-3.635013337557506,1.9200688621913624,0.5812284228088701
2020-07-17,-1.7449422627186286,7.254088512690014,1.9365505314933802,1.5165045838038742,-5.815828898231121,1.2257418898890755,-2.479025459896889,0.6848199531162535,1.1007946147453327
2020-07-18,1.3096139973315974,10.220752653962265,-0.9487597552719853,2.977860010129424,-2.3069141738329177,-2.3925823993479787,-1.1938804782198797,-0.10787315606204606,-1.5933923267621772
2020-07-19,0.6279189952841869,8.267739724606304,-2.211671297403982,5.5986599704288995,-0.6274338675020359,-3.1604150643935194,-0.8752794747670095,-0.8009565458338603,-1.9578358811835646
2020-07-20,1.3453210795418529,8.097468745750668,-0.0826929293932408,4.7315370513063915,-3.391589281423963,0.7834474688251822,0.1979603226754556,-0.9072102944715854,0.6217544861011137
2020-07-21,-1.9490055185742643,7.813136972782326,2.5428060803182424,-0.11302808123814034,-5.419498265922713,1.5769757204945825,-0.6844425681154023,-0.28815665042910055,0.4767646604010733
2020-07-22,-5.943676763034694,4.803050727494556,7.414747445334972,-0.9316038857945523,-5.438875152494761,2.079632872404371,-3.101476301098285,0.08724847594845841,0.07503860531526137
2020-07-23,-6.75279817177368,3.125889185148808,8.56304901072624,1.3471708849509554,-5.567725651208711,3.456195251120608,-0.8706571026176485,1.4831255305944786,0.6477669311486599
2020-07-24,-0.34698636301929664,7.9520952781386605,3.9588450165170914,1.2441255128755104,-5.472457963853342,3.1277806339468013,-0.9069529023926499,1.8963599257678347,1.7684608193599618
2020-07-25,3.8080419926050255,11.850846244896262,1.9079247505572883,0.5003758101968956,-0.42619735850744433,-0.3236500258205177,0.39402874975763225,-0.3662756165085498,-1.1405711388225623
2020-07-26,1.8625960766195044,9.903266418004485,-0.3415882344843313,-0.13069487210192277,-0.22701088240804257,-0.8554563895200049,0.09373211008734317,-1.0199141559642244,-2.2615806356257178
2020-07-27,2.7201157784501104,10.641767728348,2.360896287127386,-0.6049183199658302,-2.1083237999997544,1.0705394286404204,0.9728744960389969,0.10708503772401101,0.5164540603194884
2020-07-28,0.9896602370042409,9.572053190190482,6.877940061856263,1.7166251803568933,-2.095058607543089,1.7054163395984738,0.01756449832736018,0.7215384579567484,-1.143671980608023
2020-07-29,1.3692673874319827,10.113794904090735,7.465716844406876,0.18373467939938798,-1.8665544567637684,2.048351042975269,0.01932238615144022,-0.7693429279999251,-0.6650922613208606
2020-07-30,-0.6698805480912773,9.073441993854694,10.630694672366303,1.307548284219482,1.5385498998650409,0.3384916683378991,2.3233034676416335,0.9523560012434986,-0.09786136057923056
2020-07-31,3.19938381887681,12.556347992521438,7.971437929861972,1.442237885055272,0.7355150604770548,1.195657361025527,3.884909194289932,0.8338866601001257,-0.9408827791937675
2020-08-01,2.666400922362866,13.12004059133136,4.580970490855748,-3.3742869309257824,-2.6777408102722053,2.5189699675306296,2.048342503527066,-1.3205669135102203,-1.1358402546326358
2020-08-02,-0.2061808591829572,10.781118184173078,2.3904797846178476,-5.025795059577437,-1.1260070912160747,2.139599591244472,0.7807717003762857,0.5162684614734658,-1.6561371004661338
2020-08-03,0.025613412147007075,8.724816484717497,3.951036841305905,-0.8525074103493842,-2.669809767768801,3.8889099406446634,-0.2230637027591713,-0.17726616794017747,1.6703604017145626
2020-08-04,4.731217832684656,13.073648226913004,1.0126521247856388,1.7631372450372813,-1.3194725574788517,0.7303517927557993,0.11695144698291382,-0.2816384914581347,1.08927180680068
2020-08-05,1.7506621773678555,11.53310371273442,3.2186770214595573,1.6639480598445575,-2.4854682325722703,0.4385292918151766,-0.6312443156148073,-1.9541411334375924,-1.8013143963318419
2020-08-06,-0.33934482775572583,8.902932205005218,2.5420028761022837,-1.2745358178821402,-2.8824083638636777,2.5479568845087,-1.6474081580923323,-0.634203760824747,-0.5014293759705915
2020-08-07,0.5452069725701303,9.15612999926631,-0.1286652808144484,0.23964897086482528,-1.7515936166262662,0.9351127508850919,-1.1086522570903412,-0.8371488958477824,-1.1073041127694503
2020-08-08,0.3894452923110596,7.43891287667896,-1.1249891232454128,1.143167213000764,0.983014641978478,0.23988035083893727,-1.644687411473425,-1.2773974767177054,-2.3764235199184878
2020-08-09,-3.7898237561549983,2.4201321508415856,0.19288579346572554,3.209447315346326,1.8116523658523234,-0.21498160414385825,-1.7958120846883476,-2.700811749488901,-0.5092997370995832
2020-08-10,-7.179246045028793,0.6184916733323335,3.4648175896009046,2.5109506150668244,-2.3409868620376533,1.6065052951344314,2.5711425031653787,-1.188443702137022,0.8998985108927412
2020-08-11,-5.192059172058135,3.651244642940731,1.1584508372374942,-2.6413416049439973,-2.6536061430502476,1.9496304270837574,-1.037073742143531,-0.11154861969090824,1.854910654205828
2020-08-12,-1.0898309162321367,4.811832422730226,-0.6508091677564181,2.6366903097063754,-1.8105642809869318,2.5620401684089193,-1.7704498112553106,2.6676618095102116,1.748526916007735
2020-08-13,1.4128815212771433,5.231790922364358,0.1344178250197401,8.752838687995732,-3.705856506659817,2.43103673425276,1.2847700603923673,-1.7151992784649552,1.0286317069887438
2020-08-14,-0.4828915382818968,5.140415759997176,2.2905820602050806,8.134897231380227,-3.2939631957680855,0.26212870370009655,-1.3432079065833011,-2.2016874638105826,3.532798289689336
2020-08-15,0.12218345355615834,6.114306985376386,-4.679872202607949,5.410814545793974,-2.189625528789347,-1.0426516421435086,0.9821884444649942,-1.6244993275459452,0.4117113903003645
2020-08-16,-1.6044525594378771,5.925414535959025,-3.167145373862823,1.2733838794076218,-2.8603862584573267,-0.5317844580130235,1.0260703356242562,-2.751966765994741,-0.6929925075745411
2020-08-17,-3.3247533121788475,5.112893179011875,0.06499455631352546,-3.8240996913516225,-1.7233065075843845,1.3858966769105634,1.161847715590958,-0.08520509190758296,1.7516556879571006
2020-08-18,-1.715965457940921,6.428529695368885,-1.0774165880231386,-5.729539285189191,-1.1265528435862198,1.4351624245894024,0.29283835697483107,-0.32833733895730705,1.3997775648229096
2020-08-19,-0.05545009852339772,6.844942208306343,-0.6992747536148669,-4.043956634117279,-0.4582500743497555,2.0134071530105384,0.07178025862713155,0.25170489003739627,0.5332473907469806
2020-08-20,-0.5038483522527712,5.8633212932174565,0.49656334469528374,0.7446610395041335,-0.7668701194885763,1.7234023819539257,2.0363252187448118,0.621867004641808,-0.5391720290065983
2020-08-21,-3.1646496438184233,3.6027652512248345,2.578816475795591,0.850019279721822,-1.4735142407612818,1.6918222930055422,2.8053493648818684,-0.8300563725497009,-1.0812807399337838
2020-08-22,-3.6388097275861906,3.401241128170472,0.2542370698287868,-3.317291755511479,-0.07815238936839664,1.82529250231669,3.7713377967873285,0.3289571193891261,-0.5701337200024913
2020-08-23,-1.1235012162530391,3.1457909482005433,-1.853440107096907,-0.6355670735735629,-0.14585706136011942,2.8428202058355847,1.4839954727432159,0.4840220213028418,0.16649801666799063
2020-08-24,3.9972718672466367,6.486406844916671,0.7363866701428092,4.433534224105682,-0.9422718878932211,3.2071613367757603,0.42360447872355467,-0.9380361183176442,0.9117167221538286
2020-08-25,6.43749087943406,7.566385098301183,-0.8863706798949882,6.762233173375402,-0.6975433840978463,2.6887583283923933,1.0303040223505477,-0.6352381324898644,1.1450434687331663
2020-08-26,4.993008138651128,9.095775023768539,-0.3626009096666416,6.176761143353283,-2.9329545870953475,0.1737406210949365,2.4329722437874537,-2.2110057083487895,1.745010091548178
2020-08-27,2.9953807043217786,8.618517424555467,0.19384714023146365,2.877633283776152,-2.985656206275369,0.2952333065023808,1.7810843387418331,-1.85041511397133,1.0049504178370614
2020-08-28,2.097047583614239,8.22775550780484,0.8473078270512167,-0.19507731609361578,-2.7172213802731644,1.7976438539509263,1.177753289389608,-0.8424023685716326,0.6621639640800148
2020-08-29,0.3700204839405205,7.225387183932356,0.05444843573965974,-4.30874163966577,-1.513896858176637,1.767450174321747,1.3684346734070052,-1.212159155268199,0.7681944234401847
2020-08-30,-0.604728517977215,5.977382486998699,-1.845425124176431,-4.779284479676152,-0.3582228189348986,1.576712648486572,0.3707644590068217,-0.5230981181294955,0.3066409083164774
2020-08-31,2.0798669871192965,7.734945674974178,1.5108725009420838,-1.3982400980088832,-1.5346926553158453,2.8723369493729494,-0.07497265068934766,0.5443430258147637,2.231351584272085
2020-09-01,5.740103419881468,10.337408423069581,1.7320552676329446,-0.10834596770454774,0.5640524050430096,2.114747764399052,-0.3337189192836447,-1.3329888663810177,0.4551320537936099
2020-09-02,6.42756855097568,10.383147515863545,1.3028214748986429,0.5186361843230729,0.4129679469458807,3.3274531497807334,0.12303080772678221,-0.5991141137461781,0.3135387274716583
2020-09-03,6.588274948370213,12.374441396242082,0.5702198924194137,2.138432638200117,-0.8690963521237465,0.1524713032223841,1.0266449518273713,-1.622362921366315,0.9505034953504812
2020-09-04,3.251040256453386,10.143152055556147,2.078043375506602,1.2873086216021281,-2.461302949866333,1.118667815285074,0.06716648909748835,-2.5512624212439747,-0.9469047865092507
2020-09-05,-1.957314078248758,5.566145888712602,1.4216296327163058,-4.408554776106188,3.203501877806857,1.6847167573123447,4.139846650140095,0.8215928031063635,0.16429574361697033
2020-09-06,-0.22386435081977546,3.209820347063828,-2.4290189725021007,-2.526130904667005,4.390545760840329,3.783479285374299,-1.930734826215747,-1.0220790162927536,-1.9056770292378704
2020-09-07,-0.3445652136605245,4.230700924699202,-0.06069808254520237,-1.1259598390371146,1.4859302824818241,2.359596300815806,-0.8897017065212252,-2.839674296252409,0.6726992895941916
2020-09-08,-0.9114382980355951,3.059594105102662,2.6173856639106536,-1.3620365485591464,1.0186609081159146,5.137868180633461,-0.43981023428215693,-0.6809882020180427,-2.0020877957035097
2020-09-09,-7.197954716747224,-1.3075925982353342,9.57804422524437,0.5196719390885405,0.7515637184763266,3.3966626693819464,1.621705831106006,0.31702896444557865,0.38049396686035
2020-09-10,-6.053278078126424,-1.1785734828740788,8.177721766113565,-0.2831937798166124,0.4339223816832666,4.128148474591551,3.6536338699714372,0.3512355714269403,0.7980274231357583
2020-09-11,-5.400876608124408,-1.5186600833800157,7.408796825821614,-0.12283589247879645,-0.2862096813197581,4.939726014777235,0.2120916375520993,-0.3790449945208776,-0.9832824257817381
2020-09-12,-2.8866170920582364,-1.1612629346014103,5.367368034581161,2.1762156597349027,4.973613206303948,3.0428207557852023,1.782974281011588,-0.331603990768796,-1.1402142568242222
2020-09-13,-4.869839610795314,-0.19318264680337735,2.03985502387177,2.443326891932429,1.4120303835177321,0.2896956946986673,2.1064731772103436,-1.276702407119768,-1.3599166874725004
2020-09-14,-9.674341686163547,-4.2090857252576726,12.222488902849133,3.0035515078769808,4.327904278195296,0.846462896212084,-0.19574062828113353,-2.0945352372900485,-0.0698885001907521
2020-09-15,-11.412513331602945,-4.58434815096043,14.47579374043608,4.037802844715937,3.758507851944539,0.7529577199298445,-0.10186985999695924,-0.8749787265325119,0.7433057457329131
2020-09-16,-11.800575955866472,-4.921357626240808,13.662694967887361,3.845435935194171,4.294552690628617,1.093266195794731,2.6538567303469502,-0.6509121779205161,1.917014818905229
2020-09-17,-5.921781321461075,-0.5401094740144031,4.5621209167611,-0.6052879672173503,0.6882836986917127,3.8676281316127348,0.7325878591235767,0.16266283946671029,1.4648268427682654
2020-09-18,-6.866442341713779,-1.2860906836536588,5.628013968335276,0.9669150118916776,0.9385189203646914,2.8054574845450726,-2.6347561942740176,-0.4719321996875452,-0.26677507444856463
2020-09-19,-8.476552570258844,-6.026867926042597,7.660880456332949,7.07325477144272,4.07152744581454,4.046717849842742,-0.3633755707216917,1.0796328655095655,-4.059440463925569
2020-09-20,-11.148666258306456,-6.9480945629754665,6.736906001239323,5.496231443885953,3.0376751166818865,1.0071851131813128,3.947939637321097,0.9167821425130706,-2.2450282676408335
2020-09-21,-13.861829152659393,-11.504832082020044,17.825408640415407,4.620856126786702,10.300997397728915,-0.5682180851653071,-0.7712170938345901,-2.4619392594091707,-0.7902499981068035
2020-09-22,-8.276955167048003,-7.5390139994173975,10.0088719214526,2.9090592001021154,4.74892984739484,1.2835888306173076,-2.774987672532838,0.07493383921111918,2.4709591290278117
2020-09-23,-3.8833844761213214,-1.595589793734969,3.3384259649135077,2.326569568522945,-0.19811904066374808,-2.287261275531146,-2.2278342052794113,-2.018308350560328,0.7043846254534889
2020-09-24,-1.9477009483017518,-2.062809816307208,3.9671169446075267,2.9417126599574033,1.2990155975134017,-1.0046245083366565,-3.358299329436214,-1.3750741969155695,0.4107714294189001
2020-09-25,-3.0357345007743195,-2.50878589471899,3.6845586081200317,1.6465424078241229,0.06244140472782629,-1.9917628419953828,-4.399293029604888,-2.374066310197421,1.6778120442372326
2020-09-26,-4.790480482638872,-4.966591234837432,4.1343022997276115,2.670104385496541,1.0250818953485543,-1.4204168956964898,-4.780350240056958,-1.9622734127421944,0.16652088255844055
2020-09-27,-1.7893666324782065,-3.316177061420429,-1.406956313767325,2.6855084690569946,2.8208566236042034,-1.4008481006040925,0.2001064010131441,-0.06414510841377008,-1.334754475881616
2020-09-28,-5.719334545391357,-6.407207548873375,5.960209141281581,7.437641860768522,-0.9429981739056662,-2.542875491447463,-4.121414613625073,-3.831751948188809,1.4564957977321809
2020-09-29,-8.482749692697372,-8.963092427984472,7.766365577515228,2.88608346779179,-1.7624260470273823,0.3117073447648111,-1.6181720319089492,-3.424091659558542,3.469484557221795
2020-09-30,-7.044695624271711,-6.63741384756153,4.2214236552900894,-0.4499413936014558,-1.4035577003250137,0.7568553679663601,0.389064541705484,-0.9871145396662058,1.8968369944429484
2020-10-01,-4.454298379966198,-3.734472988815564,0.9718760934642665,-3.599469931100293,-2.072718834799711,0.6479325050049919,-1.4844645341854643,-0.9916558006634486,1.6084273900016077
2020-10-02,-2.4593654460575975,-4.251021272317169,-0.18302605078846645,-4.893059913351528,-0.13243901770579014,1.8188968704505555,-0.916311304893722,-0.6341650141054309,0.7845011527702437
2020-10-03,-0.2803350138273948,-2.4653393192594817,-2.5351542753099583,-5.199342909828136,0.3084283975362221,-0.4074306134040956,-0.3067366012037416,0.23360727136848303,0.0957502010083699
2020-10-04,-0.3419284545657635,-3.1453259064910095,-3.3089936747480913,-3.659235486984488,0.7690935405107567,-2.6684737729729737,0.18178277246819585,-0.13212624299672066,-0.10356517290642486
2020-10-05,1.140566409989687,-1.9968527063229176,-1.0604626427042032,-3.6707436506054454,-0.9840175507300067,-1.8923390592013525,0.8421638180906748,-0.10318993685059419,1.5027055536301113
2020-10-06,1.3036475332623467,-2.0832716208385964,0.6260987833374055,-5.651534274644109,-0.4553367443429521,-0.9603247484602012,0.8742209456939589,-0.24165884698361162,0.47853935752135845
2020-10-07,1.9126318365765937,-4.860510987968763,1.628327836770919,-1.5039252976428736,0.8383185235215864,1.0982512018443742,-2.720200678744847,2.33664403791321,1.872941862253168
2020-10-08,-0.24049515239511976,-4.510451472504972,2.3399784598327353,-0.5571257155785512,-1.807060756496047,-1.9220190415310745,-1.4993438805632637,-1.9515203065663103,1.0575374120564305
2020-10-09,-1.4505703667815113,-4.870353563448247,0.4003092177992429,-5.20742361090995,-1.3954584392759153,-0.5787050755042562,-1.707095155361874,-1.0380830595958788,2.162963447028461
2020-10-10,1.5914356330829094,-4.9378516034611195,-2.5207481711959203,-5.333834319215978,2.598546079928982,1.5977284823610345,-1.8596839185995893,-0.48608015069766874,-2.0580104887078052
2020-10-11,2.865166564776156,-4.566043346086088,-4.879453493481248,-3.595587866369693,4.083617603087854,1.2943535671955888,-2.778805014846312,0.5679308941847745,-2.133794716855195
2020-10-12,0.5897283333744746,-4.851902316488561,0.46317539184014844,6.30482178279831,-1.0426891447513333,-1.195928994303937,-0.7345421401900154,-0.5817117628826082,0.14284613718183614
2020-10-13,-6.129856995741166,-8.487826319841677,5.608260255659355,-0.4756324395041305,-0.5697814623585629,0.5107051869353787,3.655223623881381,-1.2812685282328378,3.0898351389195007
2020-10-14,-1.9921904750571042,-4.473182193037194,0.9883556482599376,-1.3995119391577338,0.5241173715472132,-0.6478160218320737,-1.1705614335535726,1.2141335733964078,1.9369483973242358
2020-10-15,-1.3884787802048022,-5.786978994192605,1.0812597147535237,0.8256394347284828,-0.16052688668928683,-0.8044793723483513,-1.1867269017426145,-1.755519651566716,0.5777996777896219
2020-10-16,-3.433458197555203,-9.624083224320621,5.006245862334719,-1.3147483632535284,2.1367117939397104,0.5982956490086071,-4.568793058756378,-2.578096894461998,0.8961519097322099
2020-10-17,4.367326822031684,-5.5544383354599205,-3.0574572196382235,7.686519498106036,-0.7966039258211959,0.9166783671623174,-1.1894099417382968,3.556288801618906,2.657594227019782
2020-10-18,4.564492885681714,-3.9981465474195597,-4.503875876559409,7.115772570907902,-0.360904403619538,-4.376230213177764,1.8455780826447192,-2.8636373018738754,-0.0008764291454848583
2020-10-19,0.26522512554664635,-7.930549377044171,0.7785924263534403,-0.27454722691457484,0.4721551593979241,-0.5157116631769828,-0.23013425343025726,-1.938934052139443,0.009610227371474878
2020-10-20,-1.904006421128529,-9.701931881292095,2.8989299327039966,-0.7493181292106423,-0.35778894198573674,0.44813129022625453,-0.22688645603457475,-0.5812345939354565,-0.42917230418329727
2020-10-21,-4.324202015184194,-13.08279577028155,7.998305802976402,-0.5504301312951396,3.5888894613030504,1.134083533881106,0.6334124892052915,-0.6322324298684558,0.7445439629046677
2020-10-22,0.011170254354979148,-9.469769224975504,2.975542709099792,-3.383777544192837,1.890275745573946,2.2243174486735517,-2.422526230803506,-1.9313502591863,-0.6110991702380084
2020-10-23,-0.517518192775066,-7.476069355031493,2.1371512224766187,-4.628332350924291,0.9297206940308491,-0.38207684719040635,-1.8605013660374072,-0.6151431244881934,1.8452195076431195
2020-10-24,5.211716657081768,-3.473527871941754,-4.060521507720059,0.7459125946317782,1.006496450169968,-2.118548117977313,-1.511580541492474,3.0660425246473215,0.43284427697308003
2020-10-25,5.940743144203166,-3.486818767674015,-4.94817257242928,5.243898037067482,-0.6012003140792859,-4.291520136622417,-0.039383191102073944,-1.241559882560178,-0.376856453021595
2020-10-26,3.3013828788831234,-5.3626265522321495,-2.084776791770073,-1.0360670175528859,-1.0633292618797086,-1.2426251532819157,-0.381486818877073,-3.155512437061165,0.6208357684493166
2020-10-27,7.376375888348418,-5.357744118569614,-2.704242989885302,4.759632398678294,1.6060149466170675,1.0152252034222364,-3.260666925174027,1.69047844468832,0.32683403648194925
2020-10-28,7.8754270529490285,-6.426275679435896,-4.792678016648979,10.148990419880755,0.6596656612283498,-0.37743882793995,-2.044257554893548,-0.9491014344916261,-1.2373939867591568
2020-10-29,3.2827474755834842,-5.67613836055557,-0.9527813032271456,-0.619654298827182,0.381296383557727,-1.6761889089991,2.03804693165167,-4.554923219584271,-0.9617629974438697
2020-10-30,2.6200879666439234,-5.419737122398422,-0.8752203053737395,-4.0682870734908185,0.31005410658178456,-0.3785555038554611,-1.4075318326730537,-0.6969602864970137,0.31488452026334246
2020-10-31,7.512256647164675,-2.26000706605222,-4.504727882329387,1.5725405522942966,1.2862736024532169,-2.399639377839108,-0.5330250191842351,0.8148956445829028,0.04604739328695001
2020-11-01,1.6112523075266716,-6.937905634303151,-3.7629242220838286,-0.8987864686792858,-3.78180937555389,-0.5744743789801925,1.333993438155812,-1.1028784397349263,0.6721098623976964
2020-11-02,0.05643531027231985,-8.433514402959375,-4.323557429317084,-3.036589659746571,-3.6223435419192525,1.4128733087318814,0.9628894647696936,0.6998195749936926,-0.1454892364671604
2020-11-03,0.6154357544933773,-8.62267415448053,-4.382049542277162,-2.4453045630165104,-3.387534453548987,1.7192741061295225,0.9029320170416099,0.4796570502371349,-0.5125242903093395
2020-11-04,0.7229082386576549,-9.678760417986023,-4.028443924588671,-4.555478900857926,-2.320844860711882,3.2251956096183054,0.6888088042967475,-1.4003829308241638,-2.588064904368111
2020-11-05,-0.13843387089109171,-9.390203989746205,-3.95762213825454,-5.450362660462922,-2.8568698302196665,2.496461167893605,0.6046917882530292,0.2014622833171109,-1.3065092642345562
2020-11-06,2.8084921697980723,-9.208573652892017,-4.7801236494290515,0.2731586656501419,-2.0656530227550185,2.941262555305038,-0.08971061273316217,2.3542352769399186,-0.7505340421965823
2020-11-07,5.775104569470873,-9.102120491854723,-5.387310426008977,5.742900829306931,-1.908880833193935,2.801969054940609,0.461672043233732,0.1479913790674401,-1.6400038720187928
2020-11-08,6.816865984468677,-8.671782876866951,-5.720808242958482,8.550465515144078,-2.330384030199765,2.271973759082923,0.923783584219489,-0.6524731830670558,-1.5995868974058254
2020-11-09,7.035432708454365,-8.422107507157396,-5.879691492746669,9.441136389470698,-2.298832917007831,2.273336724924941,0.7328476210739233,0.014535114644286917,-1.2200143338127596
2020-11-10,2.6850000659619884,-8.747626303366946,-4.812243815393527,0.9969067037770877,-2.793267038135492,2.0293417019037854,0.9996652993129667,-0.4596230886146653,-1.0260916385092955
2020-11-11,0.5067596434034904,-8.62673221554419,-4.290038393399906,-2.7436833153906206,-3.380586399382444,1.9160895299470626,1.4746031196847247,-2.15779961028814,-1.630265667313881
2020-11-12,4.532620149488153,-8.42330675985598,-5.632091271460174,5.0354394063706405,-0.8868751279174871,4.095273585026423,-0.9522573271607393,4.549036728523692,-0.14638852185626405
2020-11-13,0.9595178645092098,-7.70019105577352,-4.7077727122663955,-0.0023847851264592324,-3.758258583139902,1.314534166791048,1.9720457675718872,-2.9696980595723472,-1.1293153647653984
2020-11-14,0.961463654340439,-8.494683952820147,-4.707617099743853,-1.6380808657029888,-1.4997102848005235,3.9054309037355024,0.05631009153943878,0.6348038330053716,-1.3163080979212805
2020-11-15,2.7806462437102706,-8.06172771157468,-5.199891662370641,2.4573178322280746,-1.4722700104862172,3.936240494765226,0.5232401359543695,-1.242855292578664,-2.081984278722253
2020-11-16,0.2754653483917012,-7.5531072336052745,-4.7597933505627665,-0.9660520270163213,-2.5942992352348186,2.931939272099553,1.2265774709286197,-2.2607292591157506,-1.5461066734848603
2020-11-17,-1.4547450352706468,-7.370738754289056,-4.513833191257885,-3.64852578263743,-2.6257035171964955,3.014149730365471,0.8816658108176675,-0.6939747125084187,-0.7713186180757464
2020-11-18,-2.0850379103589343,-7.288108199444983,-4.431158683851702,-4.625168861752085,-2.4564677636155015,3.296888397494496,0.8068140529683265,-0.7374208965064117,-0.8419536801230563
2020-11-19,-1.740786250198286,-7.524860036165929,-4.483968417413083,-4.5211396290129136,-1.815937518520569,4.022566983154853,0.4188403523470008,-0.3183815241517962,-1.134079803684903
2020-11-20,-0.4370356682482608,-7.337106788494151,-4.874122483488717,-1.7507205122471177,-1.7502234718114922,3.828788162793579,0.25364213399120317,0.5184350767698711,-0.55868918125602
2020-11-21,1.0165085826485591,-7.242394420403826,-5.1825981477382586,1.0235897316063631,-1.677921501047586,3.8335211419877018,0.48613731151398065,-0.5337640543338498,-1.1033329770383873
2020-11-22,1.6546038279937703,-7.063562327772301,-5.397633967210857,2.549193190449046,-1.57149884926263,3.898444839317025,0.5462737701861848,-0.7716497242421256,-1.1712220075905253
2020-11-23,-0.05814663340581672,-6.850543586483564,-5.052620762258959,-0.10956713559115885,-2.065466604518294,3.5453813899366344,1.0007672227840207,-1.9354778190168491,-1.214593814030744
2020-11-24,-2.0347353527721532,-6.69617620017647,-4.675199914160627,-3.3585708405083907,-2.2287243526555005,3.655156467802265,1.1012972804891972,-2.165948452515546,-1.221022413209032
2020-11-25,-2.1409794962656727,-7.172370028796376,-4.64375151709625,-4.568097365940027,-0.6254060945769817,5.6640510827923425,0.013466547563494746,-0.7653072524119453,-2.0106852848269616
2020-11-26,-1.55211268045641,-7.249597259199829,-4.8603995003704625,-3.6892496240130845,0.49456876764539537,6.938710388934153,-0.5696899509229609,-0.40076925413143616,-2.563855361926871
2020-11-27,-0.37692878917244865,-6.688165038388153,-5.4206292457870955,-0.3822856061048683,1.097861390998955,7.44170276483465,-0.8757925635810428,0.3963406682124692,-2.242980546650184
2020-11-28,-0.24662707259516692,-5.7153855345011255,-5.774901839691613,1.8624141030283554,0.6662169217477052,6.944108164892357,-0.31084967915063233,-0.7670592844229347,-1.959582584593723
2020-11-29,2.471694230117926,-4.691034285915482,-6.877311897334206,8.887756033430545,1.421837980300713,7.190952234352995,-0.7508118870691649,0.5436710605499623,-0.9472324757701291
2020-11-30,3.1269272927612293,-2.7005293177771366,-7.602930520092148,14.197524658183127,-0.1437300275141462,5.347825338059682,0.7834387295253668,-1.9976248036848403,-0.08026294913411869
